image,method,threshold,shrink,patch_size,sigma,mse,psnr
harrypotter_gray.png,local,hard,v,5,10,107.97
24.96852880492219,27.80
34.15687407252137
harrypotter_gray.png,local,hard,v,5,20,422.06
67.99318157421774,21.88
29.80614997472907
harrypotter_gray.png,local,hard,v,5,30,949.85
136.6080043934746,18.35
26.776042137766343
harrypotter_gray.png,local,hard,v,7,10,110.99
24.844322730731612,27.68
34.17853198720354
harrypotter_gray.png,local,hard,v,7,20,427.61
62.051368699321614,21.82
30.203289954681818
harrypotter_gray.png,local,hard,v,7,30,951.36
109.43462214275647,18.35
27.739256181504217
harrypotter_gray.png,local,hard,v,9,10,112.45
25.546714696013773,27.62
34.05745303016792
harrypotter_gray.png,local,hard,v,9,20,432.46
62.7765945948605,21.77
30.15282607783177
harrypotter_gray.png,local,hard,v,9,30,951.33
104.45638283299199,18.35
27.941453780695067
harrypotter_gray.png,local,hard,b,5,10,6.78
90.35012773136192,39.82
28.57151589992139
harrypotter_gray.png,local,hard,b,5,20,36.15
346.03284810678406,32.55
22.739630335364392
harrypotter_gray.png,local,hard,b,5,30,100.25
748.1809192345683,28.12
19.390737326229434
harrypotter_gray.png,local,hard,b,7,10,6.76
90.54618167680736,39.83
28.562102199854408
harrypotter_gray.png,local,hard,b,7,20,36.51
346.65484672912055,32.51
22.731830842344685
harrypotter_gray.png,local,hard,b,7,30,100.11
748.4962589986975,28.13
19.388907267970993
harrypotter_gray.png,local,hard,b,9,10,6.76
90.71158474299207,39.83
28.554176066779767
harrypotter_gray.png,local,hard,b,9,20,36.71
346.37718022658277,32.48
22.735310884582955
harrypotter_gray.png,local,hard,b,9,30,100.60
747.0103951519334,28.10
19.39753715510729
harrypotter_gray.png,local,soft,v,5,10,220.71
131.21132514844004,24.69
26.951090392641923
harrypotter_gray.png,local,soft,v,5,20,757.16
387.50387734425186,19.34
22.248043084751593
harrypotter_gray.png,local,soft,v,5,30,1569.60
723.7416391529921,16.17
19.534968011834618
harrypotter_gray.png,local,soft,v,7,10,193.04
101.28687582946202,25.27
28.07527185242072
harrypotter_gray.png,local,soft,v,7,20,651.51
272.732123442318,19.99
23.773440670329805
harrypotter_gray.png,local,soft,v,7,30,1354.74
489.9721512639658,16.81
21.229089643008102
harrypotter_gray.png,local,soft,v,9,10,183.32
90.72049777969178,25.50
28.553749363563337
harrypotter_gray.png,local,soft,v,9,20,609.88
227.5037310210473,20.28
24.56091837463501
harrypotter_gray.png,local,soft,v,9,30,1263.74
390.20512422165115,17.11
22.21787392563448
harrypotter_gray.png,local,soft,b,5,10,6.88
86.42388708729496,39.76
28.764465651898693
harrypotter_gray.png,local,soft,b,5,20,37.73
315.9649888639262,32.36
23.13441398457067
harrypotter_gray.png,local,soft,b,5,30,104.44
658.480559520704,27.94
19.945374031608644
harrypotter_gray.png,local,soft,b,7,10,6.81
87.35363397835559,39.80
28.717993841886948
harrypotter_gray.png,local,soft,b,7,20,37.08
324.5363737892373,32.44
23.018169816092904
harrypotter_gray.png,local,soft,b,7,30,102.98
682.1546509966703,28.00
19.79197516327957
harrypotter_gray.png,local,soft,b,9,10,6.79
88.18305670077115,39.81
28.67695212110543
harrypotter_gray.png,local,soft,b,9,20,36.91
329.7079546684072,32.46
22.94950935632795
harrypotter_gray.png,local,soft,b,9,30,101.64
696.8387174574588,28.06
19.699480881120014
harrypotter_gray.png,global,hard,v,5,10,N/A,N/A
harrypotter_gray.png,global,hard,v,5,20,N/A,N/A
harrypotter_gray.png,global,hard,v,5,30,N/A,N/A
harrypotter_gray.png,global,hard,v,7,10,N/A,N/A
harrypotter_gray.png,global,hard,v,7,20,N/A,N/A
harrypotter_gray.png,global,hard,v,7,30,N/A,N/A
harrypotter_gray.png,global,hard,v,9,10,N/A,N/A
harrypotter_gray.png,global,hard,v,9,20,N/A,N/A
harrypotter_gray.png,global,hard,v,9,30,N/A,N/A
harrypotter_gray.png,global,hard,b,5,10,N/A,N/A
harrypotter_gray.png,global,hard,b,5,20,N/A,N/A
harrypotter_gray.png,global,hard,b,5,30,N/A,N/A
harrypotter_gray.png,global,hard,b,7,10,N/A,N/A
harrypotter_gray.png,global,hard,b,7,20,N/A,N/A
harrypotter_gray.png,global,hard,b,7,30,N/A,N/A
harrypotter_gray.png,global,hard,b,9,10,N/A,N/A
harrypotter_gray.png,global,hard,b,9,20,N/A,N/A
harrypotter_gray.png,global,hard,b,9,30,N/A,N/A
harrypotter_gray.png,global,soft,v,5,10,N/A,N/A
harrypotter_gray.png,global,soft,v,5,20,N/A,N/A
harrypotter_gray.png,global,soft,v,5,30,N/A,N/A
harrypotter_gray.png,global,soft,v,7,10,N/A,N/A
harrypotter_gray.png,global,soft,v,7,20,N/A,N/A
harrypotter_gray.png,global,soft,v,7,30,N/A,N/A
harrypotter_gray.png,global,soft,v,9,10,N/A,N/A
harrypotter_gray.png,global,soft,v,9,20,N/A,N/A
harrypotter_gray.png,global,soft,v,9,30,N/A,N/A
harrypotter_gray.png,global,soft,b,5,10,N/A,N/A
harrypotter_gray.png,global,soft,b,5,20,N/A,N/A
harrypotter_gray.png,global,soft,b,5,30,N/A,N/A
harrypotter_gray.png,global,soft,b,7,10,N/A,N/A
harrypotter_gray.png,global,soft,b,7,20,N/A,N/A
harrypotter_gray.png,global,soft,b,7,30,N/A,N/A
harrypotter_gray.png,global,soft,b,9,10,N/A,N/A
harrypotter_gray.png,global,soft,b,9,20,N/A,N/A
harrypotter_gray.png,global,soft,b,9,30,N/A,N/A
leclerc_gray.png,local,hard,v,5,10,162.35
95.74386451903185,26.03
28.319694078972596
leclerc_gray.png,local,hard,v,5,20,573.13
225.1171903016999,20.55
24.606717011933842
leclerc_gray.png,local,hard,v,5,30,1160.66
346.28128611587834,17.48
22.736513390158667
leclerc_gray.png,local,hard,v,7,10,136.82
60.49837498070818,26.77
30.31336651445021
leclerc_gray.png,local,hard,v,7,20,514.85
161.86583621845335,21.01
26.039251656505304
leclerc_gray.png,local,hard,v,7,30,1086.51
248.5499344945145,17.77
24.176667078514505
leclerc_gray.png,local,hard,v,9,10,132.81
52.31287407110522,26.90
30.944717800312013
leclerc_gray.png,local,hard,v,9,20,493.60
134.86073578306141,21.20
26.83194836065241
leclerc_gray.png,local,hard,v,9,30,1059.93
219.37680448299997,17.88
24.718896547558504
leclerc_gray.png,local,hard,b,5,10,0.40
99.45354041080503,52.13
28.154601128392503
leclerc_gray.png,local,hard,b,5,20,4.03
388.8850345073907,42.08
22.232591303867313
leclerc_gray.png,local,hard,b,5,30,19.42
843.1498440802628,35.25
18.87175596831321
leclerc_gray.png,local,hard,b,7,10,0.39
99.33990511623253,52.17
28.159566200216343
leclerc_gray.png,local,hard,b,7,20,3.99
388.3353974877858,42.12
22.238733817744464
leclerc_gray.png,local,hard,b,7,30,19.00
841.1820859367149,35.34
18.88190345619289
leclerc_gray.png,local,hard,b,9,10,0.40
99.3309866364761,52.09
28.159956116073026
leclerc_gray.png,local,hard,b,9,20,4.02
388.75684808252197,42.08
22.2340230852239
leclerc_gray.png,local,hard,b,9,30,19.40
843.4986212884496,35.25
18.86995983803238
leclerc_gray.png,local,soft,v,5,10,334.76
249.0587008620129,22.88
24.167786424632137
leclerc_gray.png,local,soft,v,5,20,864.87
488.73621366853814,18.76
21.24005840923577
leclerc_gray.png,local,soft,v,5,30,1579.09
709.03149935499,16.15
19.62414831337625
leclerc_gray.png,local,soft,v,7,10,268.83
179.98544006214144,23.84
25.578429866336258
leclerc_gray.png,local,soft,v,7,20,754.09
373.4403192596178,19.36
22.408591552177395
leclerc_gray.png,local,soft,v,7,30,1419.06
550.5459351105238,16.61
20.722868004434098
leclerc_gray.png,local,soft,v,9,10,241.54
150.7879755509137,24.30
26.347136503692905
leclerc_gray.png,local,soft,v,9,20,699.21
317.8184415313633,19.68
23.10901267169173
leclerc_gray.png,local,soft,v,9,30,1340.54
464.9854118320528,16.86
21.45641033053706
leclerc_gray.png,local,soft,b,5,10,0.69
92.765991731425,49.75
28.45691569027702
leclerc_gray.png,local,soft,b,5,20,6.99
340.83897375212234,39.68
22.805311118691126
leclerc_gray.png,local,soft,b,5,30,29.42
707.935530939608,33.44
19.630866509634597
leclerc_gray.png,local,soft,b,7,10,0.55
94.46427879840392,50.75
28.378127476343217
leclerc_gray.png,local,soft,b,7,20,5.58
352.97353387049935,40.66
22.653382178735868
leclerc_gray.png,local,soft,b,7,30,24.43
741.4516359174795,34.25
19.42997533135591
leclerc_gray.png,local,soft,b,9,10,0.49
95.52486825096108,51.20
28.32963913491186
leclerc_gray.png,local,soft,b,9,20,4.87
359.03602068636235,41.26
22.579423390289634
leclerc_gray.png,local,soft,b,9,30,22.41
761.7193088170031,34.63
19.312853962074506
leclerc_gray.png,global,hard,v,5,10,N/A,N/A
leclerc_gray.png,global,hard,v,5,20,N/A,N/A
leclerc_gray.png,global,hard,v,5,30,N/A,N/A
leclerc_gray.png,global,hard,v,7,10,N/A,N/A
leclerc_gray.png,global,hard,v,7,20,N/A,N/A
leclerc_gray.png,global,hard,v,7,30,N/A,N/A
leclerc_gray.png,global,hard,v,9,10,N/A,N/A
leclerc_gray.png,global,hard,v,9,20,N/A,N/A
leclerc_gray.png,global,hard,v,9,30,N/A,N/A
leclerc_gray.png,global,hard,b,5,10,N/A,N/A
leclerc_gray.png,global,hard,b,5,20,N/A,N/A
leclerc_gray.png,global,hard,b,5,30,N/A,N/A
leclerc_gray.png,global,hard,b,7,10,N/A,N/A
leclerc_gray.png,global,hard,b,7,20,N/A,N/A
leclerc_gray.png,global,hard,b,7,30,N/A,N/A
leclerc_gray.png,global,hard,b,9,10,N/A,N/A
leclerc_gray.png,global,hard,b,9,20,N/A,N/A
leclerc_gray.png,global,hard,b,9,30,N/A,N/A
leclerc_gray.png,global,soft,v,5,10,N/A,N/A
leclerc_gray.png,global,soft,v,5,20,N/A,N/A
leclerc_gray.png,global,soft,v,5,30,N/A,N/A
leclerc_gray.png,global,soft,v,7,10,N/A,N/A
leclerc_gray.png,global,soft,v,7,20,N/A,N/A
leclerc_gray.png,global,soft,v,7,30,N/A,N/A
leclerc_gray.png,global,soft,v,9,10,N/A,N/A
leclerc_gray.png,global,soft,v,9,20,N/A,N/A
leclerc_gray.png,global,soft,v,9,30,N/A,N/A
leclerc_gray.png,global,soft,b,5,10,N/A,N/A
leclerc_gray.png,global,soft,b,5,20,N/A,N/A
leclerc_gray.png,global,soft,b,5,30,N/A,N/A
leclerc_gray.png,global,soft,b,7,10,N/A,N/A
leclerc_gray.png,global,soft,b,7,20,N/A,N/A
leclerc_gray.png,global,soft,b,7,30,N/A,N/A
leclerc_gray.png,global,soft,b,9,10,N/A,N/A
leclerc_gray.png,global,soft,b,9,20,N/A,N/A
leclerc_gray.png,global,soft,b,9,30,N/A,N/A
lena_gray.png,local,hard,v,5,10,117.12
36.0327828647368,27.44
32.56382556249434
lena_gray.png,local,hard,v,5,20,436.02
82.46601847312803,21.74
28.968053338916825
lena_gray.png,local,hard,v,5,30,965.64
151.01450464368853,18.28
26.3406169844766
lena_gray.png,local,hard,v,7,10,121.53
37.53879002242409,27.28
32.38600090852516
lena_gray.png,local,hard,v,7,20,444.97
81.05891849938385,21.65
29.042795558476676
lena_gray.png,local,hard,v,7,30,970.40
131.39292996137647,18.26
26.945083636910915
lena_gray.png,local,hard,v,9,10,124.00
39.34102144018936,27.20
32.1823472922768
lena_gray.png,local,hard,v,9,20,448.79
84.47839551140835,21.61
28.86334704105717
lena_gray.png,local,hard,v,9,30,972.97
129.97033474824227,18.25
26.992361233713158
lena_gray.png,local,hard,b,5,10,1.78
96.04240902683442,45.63
28.306173159600174
lena_gray.png,local,hard,b,5,20,16.88
364.1662414644837,35.86
22.517806770290573
lena_gray.png,local,hard,b,5,30,58.40
789.1027175405713,30.47
19.159468218441454
lena_gray.png,local,hard,b,7,10,1.75
95.96417134029439,45.71
28.309712433864295
lena_gray.png,local,hard,b,7,20,17.21
364.49614463477167,35.77
22.513874218290045
lena_gray.png,local,hard,b,7,30,58.11
787.968773916109,30.49
19.165713535111337
lena_gray.png,local,hard,b,9,10,1.67
95.34254968795071,45.90
28.337935990477984
lena_gray.png,local,hard,b,9,20,17.12
365.6313149364557,35.80
22.500369765367047
lena_gray.png,local,hard,b,9,30,59.47
788.3345395481214,30.39
19.163698060080016
lena_gray.png,local,soft,v,5,10,233.32
143.8425064908818,24.45
26.55193118725179
lena_gray.png,local,soft,v,5,20,760.11
389.0852832229258,19.32
22.230355565250974
lena_gray.png,local,soft,v,5,30,1549.42
703.4685343382521,16.23
19.658356843549754
lena_gray.png,local,soft,v,7,10,208.71
117.994133400444,24.94
27.412199458935817
lena_gray.png,local,soft,v,7,20,661.04
284.78576254524313,19.93
23.58562087288611
lena_gray.png,local,soft,v,7,30,1346.61
488.7233719450596,16.84
21.24017252320482
lena_gray.png,local,soft,v,9,10,201.64
109.72936823476091,25.09
27.727574821051412
lena_gray.png,local,soft,v,9,20,625.92
245.6716766168692,20.17
24.22725271127943
lena_gray.png,local,soft,v,9,30,1264.91
400.25992465778495,17.11
22.107382515803252
lena_gray.png,local,soft,b,5,10,1.83
91.53547132330314,45.50
28.514909387712958
lena_gray.png,local,soft,b,5,20,18.33
332.1695826793117,35.50
22.917204999992084
lena_gray.png,local,soft,b,5,30,62.14
691.6585134190851,30.20
19.731886339582143
lena_gray.png,local,soft,b,7,10,1.77
92.8233912631338,45.65
28.454229297308032
lena_gray.png,local,soft,b,7,20,17.87
341.7112023499348,35.61
22.794211443196208
lena_gray.png,local,soft,b,7,30,60.86
720.9762495665663,30.29
19.551594024620382
lena_gray.png,local,soft,b,9,10,1.80
93.0685579309124,45.58
28.44277376164242
lena_gray.png,local,soft,b,9,20,17.35
345.52147059134836,35.74
22.74605321401898
lena_gray.png,local,soft,b,9,30,60.14
731.6131152655416,30.34
19.48798878611919
lena_gray.png,global,hard,v,5,10,121.86
38.99920654296875,27.27
32.22024589675148
lena_gray.png,global,hard,v,5,20,449.40
94.89663696289062,21.60
28.358295391080453
lena_gray.png,global,hard,v,5,30,996.14
184.10870361328125,18.15
25.48006040903426
lena_gray.png,global,hard,v,7,10,127.35
41.689857482910156,27.08
31.930499503780126
lena_gray.png,global,hard,v,7,20,455.91
87.59862518310547,21.54
28.705830706824358
lena_gray.png,global,hard,v,7,30,988.96
143.8544692993164,18.18
26.55157001684463
lena_gray.png,global,hard,v,9,10,131.35
44.08033752441406,26.95
31.68835449606093
lena_gray.png,global,hard,v,9,20,463.47
90.51368713378906,21.47
28.56366104345338
lena_gray.png,global,hard,v,9,30,994.60
140.0185546875,18.15
26.66894770443591
lena_gray.png,global,hard,b,5,10,1.80
95.39852523803711,45.58
28.33538699852842
lena_gray.png,global,hard,b,5,20,17.21
364.6344871520996,35.77
22.512226190076994
lena_gray.png,global,hard,b,5,30,58.24
785.4678611755371,30.48
19.17951941065015
lena_gray.png,global,hard,b,7,10,1.76
96.20808029174805,45.66
28.29868811920031
lena_gray.png,global,hard,b,7,20,17.49
364.46165466308594,35.70
22.514285183215854
lena_gray.png,global,hard,b,7,30,58.66
784.7815704345703,30.45
19.183315652123145
lena_gray.png,global,hard,b,9,10,1.76
95.47077178955078,45.67
28.332099274347947
lena_gray.png,global,hard,b,9,20,17.35
363.8955841064453,35.74
22.521035754378712
lena_gray.png,global,hard,b,9,30,59.02
785.7888298034668,30.42
19.177745099594382
lena_gray.png,global,soft,v,5,10,256.61
165.95114135742188,24.04
25.931001171782704
lena_gray.png,global,soft,v,5,20,834.42
463.34890365600586,18.92
21.471722211070023
lena_gray.png,global,soft,v,5,30,1691.47
842.5251274108887,15.85
18.874974987629173
lena_gray.png,global,soft,v,7,10,225.23
131.6497573852539,24.60
26.936602977778364
lena_gray.png,global,soft,v,7,20,708.82
328.4814033508301,19.63
22.965695734279137
lena_gray.png,global,soft,v,7,30,1437.98
571.4620513916016,16.55
20.560929650139975
lena_gray.png,global,soft,v,9,10,214.08
121.38830947875977,24.83
27.289034976322828
lena_gray.png,global,soft,v,9,20,659.19
271.04090881347656,19.94
23.800455160041324
lena_gray.png,global,soft,v,9,30,1329.13
457.37709045410156,16.90
21.52805953414282
lena_gray.png,global,soft,b,5,10,1.81
92.3198127746582,45.56
28.477854458081527
lena_gray.png,global,soft,b,5,20,18.33
334.2182426452637,35.50
22.890502095536633
lena_gray.png,global,soft,b,5,30,61.68
701.3783226013184,30.23
19.67128021791934
lena_gray.png,global,soft,b,7,10,1.84
92.87751388549805,45.49
28.45169779032527
lena_gray.png,global,soft,b,7,20,17.31
341.9526138305664,35.75
22.79114433109278
lena_gray.png,global,soft,b,7,30,60.03
721.2541236877441,30.35
19.549920516681254
lena_gray.png,global,soft,b,9,10,1.74
93.87327194213867,45.73
28.40538405453834
lena_gray.png,global,soft,b,9,20,17.92
347.77203369140625,35.60
22.717857058631978
lena_gray.png,global,soft,b,9,30,60.46
734.7344665527344,30.32
19.46949947697596
nyancat_gray.png,local,hard,v,5,10,101.84
10.222001482366377,28.05
38.035444212685036
nyancat_gray.png,local,hard,v,5,20,409.50
43.13122973880265,22.01
31.78288520130664
nyancat_gray.png,local,hard,v,5,30,948.01
125.5661885464327,18.36
27.142076490506813
nyancat_gray.png,local,hard,v,7,10,101.23
6.737587037462755,28.08
39.845759723361
nyancat_gray.png,local,hard,v,7,20,400.64
19.443364297648845,22.10
35.243089475261165
nyancat_gray.png,local,hard,v,7,30,909.42
51.916055325242645,18.54
30.977786742936733
nyancat_gray.png,local,hard,v,9,10,102.10
8.380533803963132,28.04
38.8980867866577
nyancat_gray.png,local,hard,v,9,20,407.98
24.827815637485653,22.02
34.181418490586886
nyancat_gray.png,local,hard,v,9,30,913.06
49.91415484806808,18.53
31.14856638878228
nyancat_gray.png,local,hard,b,5,10,2.44
97.75579843027346,44.25
28.229378336584702
nyancat_gray.png,local,hard,b,5,20,10.23
385.7021843804261,38.03
22.268282624175306
nyancat_gray.png,local,hard,b,5,30,30.53
831.4383094189863,33.28
18.932503296489198
nyancat_gray.png,local,hard,b,7,10,2.49
97.69709661700993,44.17
28.231987034126732
nyancat_gray.png,local,hard,b,7,20,10.37
386.49609664053037,37.97
22.259352486835247
nyancat_gray.png,local,hard,b,7,30,30.42
830.7156257833321,33.30
18.93627981234921
nyancat_gray.png,local,hard,b,9,10,2.52
97.4450429379545,44.12
28.243206095584398
nyancat_gray.png,local,hard,b,9,20,10.15
386.59265641528214,38.07
22.258267608096528
nyancat_gray.png,local,hard,b,9,30,30.75
830.9472516390085,33.25
18.935069051333787
nyancat_gray.png,local,soft,v,5,10,167.23
74.43084945390439,25.90
29.413273853929248
nyancat_gray.png,local,soft,v,5,20,618.76
241.403024239662,20.22
24.303376543345415
nyancat_gray.png,local,soft,v,5,30,1303.05
440.226989600211,16.98
21.69403695946533
nyancat_gray.png,local,soft,v,7,10,137.34
41.73037874829073,26.75
31.926280344464907
nyancat_gray.png,local,soft,v,7,20,523.51
138.21259676099925,20.94
26.725327342227626
nyancat_gray.png,local,soft,v,7,30,1139.45
270.60172552437234,17.56
23.807497992666015
nyancat_gray.png,local,soft,v,9,10,136.26
40.82918273907848,26.79
32.02109673951544
nyancat_gray.png,local,soft,v,9,20,507.19
119.60615054924106,21.08
27.353268477630508
nyancat_gray.png,local,soft,v,9,30,1106.12
226.98498689175761,17.69
24.57083227576487
nyancat_gray.png,local,soft,b,5,10,2.93
89.3646541213762,43.46
28.619145820652236
nyancat_gray.png,local,soft,b,5,20,13.09
335.31914578222285,36.96
22.876220097349815
nyancat_gray.png,local,soft,b,5,30,38.81
697.005163658606,32.24
19.698443653522077
nyancat_gray.png,local,soft,b,7,10,2.71
91.47021136764083,43.81
28.518006782222024
nyancat_gray.png,local,soft,b,7,20,11.63
347.24706124380737,37.48
22.724417818822996
nyancat_gray.png,local,soft,b,7,30,35.24
733.3309765100853,32.66
19.477803305248795
nyancat_gray.png,local,soft,b,9,10,2.64
92.63365960453176,43.91
28.46311539149911
nyancat_gray.png,local,soft,b,9,20,11.14
357.7012342944477,37.66
22.595599221269843
nyancat_gray.png,local,soft,b,9,30,33.30
756.4331011491525,32.91
19.343098357611677
nyancat_gray.png,global,hard,v,5,10,N/A,N/A
nyancat_gray.png,global,hard,v,5,20,N/A,N/A
nyancat_gray.png,global,hard,v,5,30,N/A,N/A
nyancat_gray.png,global,hard,v,7,10,N/A,N/A
nyancat_gray.png,global,hard,v,7,20,N/A,N/A
nyancat_gray.png,global,hard,v,7,30,N/A,N/A
nyancat_gray.png,global,hard,v,9,10,N/A,N/A
nyancat_gray.png,global,hard,v,9,20,N/A,N/A
nyancat_gray.png,global,hard,v,9,30,N/A,N/A
nyancat_gray.png,global,hard,b,5,10,N/A,N/A
nyancat_gray.png,global,hard,b,5,20,N/A,N/A
nyancat_gray.png,global,hard,b,5,30,N/A,N/A
nyancat_gray.png,global,hard,b,7,10,N/A,N/A
nyancat_gray.png,global,hard,b,7,20,N/A,N/A
nyancat_gray.png,global,hard,b,7,30,N/A,N/A
nyancat_gray.png,global,hard,b,9,10,N/A,N/A
nyancat_gray.png,global,hard,b,9,20,N/A,N/A
nyancat_gray.png,global,hard,b,9,30,N/A,N/A
nyancat_gray.png,global,soft,v,5,10,N/A,N/A
nyancat_gray.png,global,soft,v,5,20,N/A,N/A
nyancat_gray.png,global,soft,v,5,30,N/A,N/A
nyancat_gray.png,global,soft,v,7,10,N/A,N/A
nyancat_gray.png,global,soft,v,7,20,N/A,N/A
nyancat_gray.png,global,soft,v,7,30,N/A,N/A
nyancat_gray.png,global,soft,v,9,10,N/A,N/A
nyancat_gray.png,global,soft,v,9,20,N/A,N/A
nyancat_gray.png,global,soft,v,9,30,N/A,N/A
nyancat_gray.png,global,soft,b,5,10,N/A,N/A
nyancat_gray.png,global,soft,b,5,20,N/A,N/A
nyancat_gray.png,global,soft,b,5,30,N/A,N/A
nyancat_gray.png,global,soft,b,7,10,N/A,N/A
nyancat_gray.png,global,soft,b,7,20,N/A,N/A
nyancat_gray.png,global,soft,b,7,30,N/A,N/A
nyancat_gray.png,global,soft,b,9,10,N/A,N/A
nyancat_gray.png,global,soft,b,9,20,N/A,N/A
nyancat_gray.png,global,soft,b,9,30,N/A,N/A
wemby_gray.png,local,hard,v,5,10,101.15
15.071753581986005,28.08
36.34916575927241
wemby_gray.png,local,hard,v,5,20,412.15
56.01512033481717,21.98
30.64775087582888
wemby_gray.png,local,hard,v,5,30,959.29
140.7485791295303,18.31
26.64636341567043
wemby_gray.png,local,hard,v,7,10,104.15
15.455103934692378,27.95
36.24008430853148
wemby_gray.png,local,hard,v,7,20,412.19
42.661552640532925,21.98
31.83043703590758
wemby_gray.png,local,hard,v,7,30,930.93
89.53920349098442,18.44
28.61067134133069
wemby_gray.png,local,hard,v,9,10,105.71
16.23657392049671,27.89
36.0258596677529
wemby_gray.png,local,hard,v,9,20,414.24
41.49883453404407,21.96
31.950444608435514
wemby_gray.png,local,hard,v,9,30,928.59
76.64437732541703,18.45
29.28600060596136
wemby_gray.png,local,hard,b,5,10,1.94
94.68145586136806,45.26
28.36815433667292
wemby_gray.png,local,hard,b,5,20,22.71
348.2294656372834,34.57
22.712148444534566
wemby_gray.png,local,hard,b,5,30,82.69
728.2210248454846,28.96
19.50817147348586
wemby_gray.png,local,hard,b,7,10,1.98
94.79196365933034,45.18
28.363088408963847
wemby_gray.png,local,hard,b,7,20,22.87
348.37133277829696,34.54
22.710379508366316
wemby_gray.png,local,hard,b,7,30,82.57
729.8000360828281,28.96
19.4987648036686
wemby_gray.png,local,hard,b,9,10,1.94
94.75827388550658,45.25
28.364632198432204
wemby_gray.png,local,hard,b,9,20,22.92
347.9838586432354,34.53
22.715212613602773
wemby_gray.png,local,hard,b,9,30,82.27
730.814378123409,28.98
19.49273277745387
wemby_gray.png,local,soft,v,5,10,200.21
109.91222267164633,25.12
27.7203437050365
wemby_gray.png,local,soft,v,5,20,711.34
338.72845235609816,19.61
22.832286830237827
wemby_gray.png,local,soft,v,5,30,1473.05
614.9356383671978,16.45
20.242506977180227
wemby_gray.png,local,soft,v,7,10,172.52
79.44861473127297,25.76
29.129940316317363
wemby_gray.png,local,soft,v,7,20,609.49
229.86670035062025,20.28
24.516042991307447
wemby_gray.png,local,soft,v,7,30,1291.11
420.6105789018506,17.02
21.89200169310474
wemby_gray.png,local,soft,v,9,10,161.99
67.97887711606165,26.04
29.80706374294389
wemby_gray.png,local,soft,v,9,20,569.09
183.7595239710894,20.58
25.48830503719017
wemby_gray.png,local,soft,v,9,30,1202.44
328.47739923278283,17.33
22.96574867417023
wemby_gray.png,local,soft,b,5,10,2.13
88.64691428429192,44.84
28.65416738050302
wemby_gray.png,local,soft,b,5,20,24.59
309.64506658598884,34.22
23.222161958555997
wemby_gray.png,local,soft,b,5,30,88.48
627.7682923746145,28.66
20.152809845062688
wemby_gray.png,local,soft,b,7,10,2.03
90.41247318894463,45.06
28.568520115490795
wemby_gray.png,local,soft,b,7,20,23.86
319.537966335568,34.35
23.085578940215647
wemby_gray.png,local,soft,b,7,30,85.72
653.7135571899944,28.80
19.97692869091909
wemby_gray.png,local,soft,b,9,10,2.02
91.15187002923186,45.07
28.53314778002581
wemby_gray.png,local,soft,b,9,20,23.51
325.1266847249565,34.42
23.010277452530424
wemby_gray.png,local,soft,b,9,30,85.07
670.3227420031866,28.83
19.86796406938982
wemby_gray.png,global,hard,v,5,10,N/A,N/A
wemby_gray.png,global,hard,v,5,20,N/A,N/A
wemby_gray.png,global,hard,v,5,30,N/A,N/A
wemby_gray.png,global,hard,v,7,10,N/A,N/A
wemby_gray.png,global,hard,v,7,20,N/A,N/A
wemby_gray.png,global,hard,v,7,30,N/A,N/A
wemby_gray.png,global,hard,v,9,10,N/A,N/A
wemby_gray.png,global,hard,v,9,20,N/A,N/A
wemby_gray.png,global,hard,v,9,30,N/A,N/A
wemby_gray.png,global,hard,b,5,10,N/A,N/A
wemby_gray.png,global,hard,b,5,20,N/A,N/A
wemby_gray.png,global,hard,b,5,30,N/A,N/A
wemby_gray.png,global,hard,b,7,10,N/A,N/A
wemby_gray.png,global,hard,b,7,20,N/A,N/A
wemby_gray.png,global,hard,b,7,30,N/A,N/A
wemby_gray.png,global,hard,b,9,10,N/A,N/A
wemby_gray.png,global,hard,b,9,20,N/A,N/A
wemby_gray.png,global,hard,b,9,30,N/A,N/A
wemby_gray.png,global,soft,v,5,10,N/A,N/A
wemby_gray.png,global,soft,v,5,20,N/A,N/A
wemby_gray.png,global,soft,v,5,30,N/A,N/A
wemby_gray.png,global,soft,v,7,10,N/A,N/A
wemby_gray.png,global,soft,v,7,20,N/A,N/A
wemby_gray.png,global,soft,v,7,30,N/A,N/A
wemby_gray.png,global,soft,v,9,10,N/A,N/A
wemby_gray.png,global,soft,v,9,20,N/A,N/A
wemby_gray.png,global,soft,v,9,30,N/A,N/A
wemby_gray.png,global,soft,b,5,10,N/A,N/A
wemby_gray.png,global,soft,b,5,20,N/A,N/A
wemby_gray.png,global,soft,b,5,30,N/A,N/A
wemby_gray.png,global,soft,b,7,10,N/A,N/A
wemby_gray.png,global,soft,b,7,20,N/A,N/A
wemby_gray.png,global,soft,b,7,30,N/A,N/A
wemby_gray.png,global,soft,b,9,10,N/A,N/A
wemby_gray.png,global,soft,b,9,20,N/A,N/A
wemby_gray.png,global,soft,b,9,30,N/A,N/A
ali_gray.jpg,local,hard,v,5,10,119.80
37.44807350239173,27.35
32.39650880322446
ali_gray.jpg,local,hard,v,5,20,461.95
103.86560431081219,21.48
27.9660860860545
ali_gray.jpg,local,hard,v,5,30,1005.02
170.31212195182758,18.11
25.818348009297715
ali_gray.jpg,local,hard,v,7,10,123.62
39.38017255657524,27.21
32.17802746064179
ali_gray.jpg,local,hard,v,7,20,460.29
94.77364016849833,21.50
28.363927990704592
ali_gray.jpg,local,hard,v,7,30,1009.11
160.1718653508507,18.09
26.084941274963455
ali_gray.jpg,local,hard,v,9,10,126.28
41.96344390981019,27.12
31.902092376464203
ali_gray.jpg,local,hard,v,9,20,462.88
95.93237426317582,21.48
28.311151677620998
ali_gray.jpg,local,hard,v,9,30,1000.88
153.72857625156715,18.13
26.26325755861222
ali_gray.jpg,local,hard,b,5,10,13.82
77.57147566329998,36.72
29.23378307642978
ali_gray.jpg,local,hard,b,5,20,81.58
278.3033122468352,29.02
23.685619857161775
ali_gray.jpg,local,hard,b,5,30,221.59
587.9005693444033,24.68
20.437764800919723
ali_gray.jpg,local,hard,b,7,10,13.56
77.74422429427904,36.81
29.224122261953468
ali_gray.jpg,local,hard,b,7,20,81.03
276.61182269529144,29.04
23.71209622471347
ali_gray.jpg,local,hard,b,7,30,223.11
585.3673957595637,24.65
20.45651831762354
ali_gray.jpg,local,hard,b,9,10,13.82
77.65651296105868,36.73
29.22902475504788
ali_gray.jpg,local,hard,b,9,20,81.85
277.63990248304054,29.00
23.69598477677154
ali_gray.jpg,local,hard,b,9,30,220.46
586.3868211506694,24.70
20.448961597496044
ali_gray.jpg,local,soft,v,5,10,226.27
136.6145676172935,24.58
26.775833489420226
ali_gray.jpg,local,soft,v,5,20,705.20
327.1681061661626,19.65
22.983094008049484
ali_gray.jpg,local,soft,v,5,30,1395.90
531.7663903063875,16.68
20.87359476096774
ali_gray.jpg,local,soft,v,7,10,211.22
119.64269270053752,24.88
27.351941820868216
ali_gray.jpg,local,soft,v,7,20,647.51
267.3681274489296,20.02
23.85970726446311
ali_gray.jpg,local,soft,v,7,30,1291.43
417.8895787684906,17.02
21.920188199223496
ali_gray.jpg,local,soft,v,9,10,207.08
115.2562272250158,24.97
27.51415961501229
ali_gray.jpg,local,soft,v,9,20,624.22
243.38882675632985,20.18
24.26779723660185
ali_gray.jpg,local,soft,v,9,30,1242.39
371.2497380865847,17.19
22.434142049334596
ali_gray.jpg,local,soft,b,5,10,13.89
72.83410698085781,36.70
29.507455611589396
ali_gray.jpg,local,soft,b,5,20,83.08
249.63275238423964,28.94
24.15778795696541
ali_gray.jpg,local,soft,b,5,30,226.34
507.7570615263058,24.58
21.074243888883917
ali_gray.jpg,local,soft,b,7,10,13.92
74.42384590493897,36.70
29.4136825212762
ali_gray.jpg,local,soft,b,7,20,82.41
257.09343034075374,28.97
24.029893818649278
ali_gray.jpg,local,soft,b,7,30,222.79
531.4483572270308,24.65
20.87619291935234
ali_gray.jpg,local,soft,b,9,10,13.66
75.29462388482543,36.78
29.363163926420654
ali_gray.jpg,local,soft,b,9,20,81.87
262.40280392647077,29.00
23.941118894505383
ali_gray.jpg,local,soft,b,9,30,222.26
541.8704313313048,24.66
20.79184907696471
ali_gray.jpg,global,hard,v,5,10,N/A,N/A
ali_gray.jpg,global,hard,v,5,20,N/A,N/A
ali_gray.jpg,global,hard,v,5,30,N/A,N/A
ali_gray.jpg,global,hard,v,7,10,N/A,N/A
ali_gray.jpg,global,hard,v,7,20,N/A,N/A
ali_gray.jpg,global,hard,v,7,30,N/A,N/A
ali_gray.jpg,global,hard,v,9,10,N/A,N/A
ali_gray.jpg,global,hard,v,9,20,N/A,N/A
ali_gray.jpg,global,hard,v,9,30,N/A,N/A
ali_gray.jpg,global,hard,b,5,10,N/A,N/A
ali_gray.jpg,global,hard,b,5,20,N/A,N/A
ali_gray.jpg,global,hard,b,5,30,N/A,N/A
ali_gray.jpg,global,hard,b,7,10,N/A,N/A
ali_gray.jpg,global,hard,b,7,20,N/A,N/A
ali_gray.jpg,global,hard,b,7,30,N/A,N/A
ali_gray.jpg,global,hard,b,9,10,N/A,N/A
ali_gray.jpg,global,hard,b,9,20,N/A,N/A
ali_gray.jpg,global,hard,b,9,30,N/A,N/A
ali_gray.jpg,global,soft,v,5,10,N/A,N/A
ali_gray.jpg,global,soft,v,5,20,N/A,N/A
ali_gray.jpg,global,soft,v,5,30,N/A,N/A
ali_gray.jpg,global,soft,v,7,10,N/A,N/A
ali_gray.jpg,global,soft,v,7,20,N/A,N/A
ali_gray.jpg,global,soft,v,7,30,N/A,N/A
ali_gray.jpg,global,soft,v,9,10,N/A,N/A
ali_gray.jpg,global,soft,v,9,20,N/A,N/A
ali_gray.jpg,global,soft,v,9,30,N/A,N/A
ali_gray.jpg,global,soft,b,5,10,N/A,N/A
ali_gray.jpg,global,soft,b,5,20,N/A,N/A
ali_gray.jpg,global,soft,b,5,30,N/A,N/A
ali_gray.jpg,global,soft,b,7,10,N/A,N/A
ali_gray.jpg,global,soft,b,7,20,N/A,N/A
ali_gray.jpg,global,soft,b,7,30,N/A,N/A
ali_gray.jpg,global,soft,b,9,10,N/A,N/A
ali_gray.jpg,global,soft,b,9,20,N/A,N/A
ali_gray.jpg,global,soft,b,9,30,N/A,N/A
crocodilo_gray.jpg,local,hard,v,5,10,121.33
48.09414499416974,27.29
31.3098815250859
crocodilo_gray.jpg,local,hard,v,5,20,461.51
123.39921131997491,21.49
27.217679768633737
crocodilo_gray.jpg,local,hard,v,5,30,997.94
209.24392800852743,18.14
24.924274966907944
crocodilo_gray.jpg,local,hard,v,7,10,128.66
53.572739657404426,27.04
30.841365045329553
crocodilo_gray.jpg,local,hard,v,7,20,479.75
129.96345428477377,21.32
26.99259114974901
crocodilo_gray.jpg,local,hard,v,7,30,1021.39
211.1659312629798,18.04
24.884565088337133
crocodilo_gray.jpg,local,hard,v,9,10,133.11
58.30889373748612,26.89
30.473455589986216
crocodilo_gray.jpg,local,hard,v,9,20,490.57
140.894812285371,21.22
26.64185358087255
crocodilo_gray.jpg,local,hard,v,9,30,1046.78
222.11302444499495,17.93
24.66506335058093
crocodilo_gray.jpg,local,hard,b,5,10,2.67
96.10396573101627,43.87
28.30339051663867
crocodilo_gray.jpg,local,hard,b,5,20,18.26
366.315056943179,35.52
22.49225590680179
crocodilo_gray.jpg,local,hard,b,5,30,54.44
800.8417944907184,30.77
19.095336307584766
crocodilo_gray.jpg,local,hard,b,7,10,2.66
95.3866482626842,43.87
28.335927722398047
crocodilo_gray.jpg,local,hard,b,7,20,18.18
368.2849565079966,35.53
22.468963814618114
crocodilo_gray.jpg,local,hard,b,7,30,55.85
799.1882269269372,30.66
19.10431283320563
crocodilo_gray.jpg,local,hard,b,9,10,2.71
96.08708361984992,43.79
28.30415348741864
crocodilo_gray.jpg,local,hard,b,9,20,17.83
366.86316344723275,35.62
22.485762542216477
crocodilo_gray.jpg,local,hard,b,9,30,55.61
803.0664709794323,30.68
19.083288669157316
crocodilo_gray.jpg,local,soft,v,5,10,285.06
200.59886306752526,23.58
25.107518936236872
crocodilo_gray.jpg,local,soft,v,5,20,895.24
538.6258649870531,18.61
20.817931563311475
crocodilo_gray.jpg,local,soft,v,5,30,1794.82
971.3768033082094,15.59
18.256926326548474
crocodilo_gray.jpg,local,soft,v,7,10,264.84
178.26590646998378,23.90
25.62012068997973
crocodilo_gray.jpg,local,soft,v,7,20,794.52
425.73514578322806,19.13
21.83940856827324
crocodilo_gray.jpg,local,soft,v,7,30,1563.34
720.2559287002887,16.19
19.55593519057809
crocodilo_gray.jpg,local,soft,v,9,10,262.53
175.34349802048683,23.94
25.691906945920948
crocodilo_gray.jpg,local,soft,v,9,20,760.06
386.83445408671486,19.32
22.255552125372024
crocodilo_gray.jpg,local,soft,v,9,30,1481.56
619.7660428521004,16.42
20.208525834240746
crocodilo_gray.jpg,local,soft,b,5,10,2.71
92.54790077667839,43.79
28.467137885779547
crocodilo_gray.jpg,local,soft,b,5,20,18.62
342.7422593521147,35.43
22.781127056007406
crocodilo_gray.jpg,local,soft,b,5,30,57.66
721.0768800485187,30.52
19.55098789905959
crocodilo_gray.jpg,local,soft,b,7,10,2.65
93.13989827413592,43.90
28.439446016002247
crocodilo_gray.jpg,local,soft,b,7,20,18.07
350.7315377724886,35.56
22.681055414798713
crocodilo_gray.jpg,local,soft,b,7,30,59.37
741.6158513715732,30.40
19.429013569784587
crocodilo_gray.jpg,local,soft,b,9,10,2.71
93.73713340775348,43.81
28.41168692718819
crocodilo_gray.jpg,local,soft,b,9,20,17.71
353.8955345651432,35.65
22.642052781002814
crocodilo_gray.jpg,local,soft,b,9,30,57.04
748.1936444563967,30.57
19.390663461118983
crocodilo_gray.jpg,global,hard,v,5,10,126.65
51.8438570241064,27.10
30.983830566247047
crocodilo_gray.jpg,global,hard,v,5,20,474.24
133.27319479080077,21.37
26.883375522273035
crocodilo_gray.jpg,global,hard,v,5,30,1025.36
227.4563203103353,18.02
24.561823518287053
crocodilo_gray.jpg,global,hard,v,7,10,134.79
57.457051814907175,26.83
30.537370227721237
crocodilo_gray.jpg,global,hard,v,7,20,493.15
140.02640620670545,21.20
26.66870418129195
crocodilo_gray.jpg,global,hard,v,7,30,1043.46
222.5361706844001,17.95
24.65679750261359
crocodilo_gray.jpg,global,hard,v,9,10,141.03
62.8537434192297,26.64
30.147492125308798
crocodilo_gray.jpg,global,hard,v,9,20,504.57
150.570834026046,21.10
26.353395048614466
crocodilo_gray.jpg,global,hard,v,9,30,1063.96
228.02298697700195,17.86
24.551017304724915
crocodilo_gray.jpg,global,hard,b,5,10,2.66
95.38478802992519,43.89
28.336012419440543
crocodilo_gray.jpg,global,hard,b,5,20,18.10
367.7457799944583,35.55
22.475326631138515
crocodilo_gray.jpg,global,hard,b,5,30,56.68
799.6216569686894,30.60
19.10195812822249
crocodilo_gray.jpg,global,hard,b,7,10,2.76
94.96801330008313,43.72
28.355030080681857
crocodilo_gray.jpg,global,hard,b,7,20,17.49
367.88725962870603,35.70
22.47365612908373
crocodilo_gray.jpg,global,hard,b,7,30,55.40
795.3652756996398,30.70
19.125137343653282
crocodilo_gray.jpg,global,hard,b,9,10,2.78
94.96559711831533,43.70
28.355140575544432
crocodilo_gray.jpg,global,hard,b,9,20,17.68
368.2634247714048,35.66
22.469217731797976
crocodilo_gray.jpg,global,hard,b,9,30,54.77
796.3196065392075,30.75
19.119929520524174
crocodilo_gray.jpg,global,soft,v,5,10,300.17
216.33431975616514,23.36
24.77954938523647
crocodilo_gray.jpg,global,soft,v,5,20,937.20
572.9434801884179,18.41
20.54968579132578
crocodilo_gray.jpg,global,soft,v,5,30,1856.08
1017.3796176226101,15.44
18.055973282239396
crocodilo_gray.jpg,global,soft,v,7,10,277.50
189.3440565253533,23.70
25.358286836199582
crocodilo_gray.jpg,global,soft,v,7,20,822.60
450.7879301745636,18.98
21.591080815523135
crocodilo_gray.jpg,global,soft,v,7,30,1616.73
757.604344693821,16.04
19.336379042824852
crocodilo_gray.jpg,global,soft,v,9,10,274.30
183.99247436963148,23.75
25.482803009376212
crocodilo_gray.jpg,global,soft,v,9,20,792.64
413.39119423663067,19.14
21.967191395083564
crocodilo_gray.jpg,global,soft,v,9,30,1516.88
655.9573898586866,16.32
19.96204731782302
crocodilo_gray.jpg,global,soft,b,5,10,2.83
92.06925464117484,43.62
28.48965733590598
crocodilo_gray.jpg,global,soft,b,5,20,18.99
345.04083679689666,35.35
22.752098624729026
crocodilo_gray.jpg,global,soft,b,5,30,59.04
718.7030257689111,30.42
19.565308876099166
crocodilo_gray.jpg,global,soft,b,7,10,2.74
93.75913549459685,43.76
28.410667665844358
crocodilo_gray.jpg,global,soft,b,7,20,18.19
349.8703629814353,35.53
22.69173205291999
crocodilo_gray.jpg,global,soft,b,7,30,56.04
741.4326683291771,30.65
19.430086432659117
crocodilo_gray.jpg,global,soft,b,9,10,2.82
93.5706289830978,43.63
28.419408120476128
crocodilo_gray.jpg,global,soft,b,9,20,17.68
351.49912995289554,35.66
22.671561064967737
crocodilo_gray.jpg,global,soft,b,9,30,56.50
751.7888611803824,30.61
19.369844741319525
darkvador_gray.jpg,local,hard,v,5,10,101.91
14.070556085335193,28.05
36.64769099252624
darkvador_gray.jpg,local,hard,v,5,20,419.85
56.477695744274584,21.90
30.61203391414118
darkvador_gray.jpg,local,hard,v,5,30,970.09
139.38612992959122,18.26
26.688608008414715
darkvador_gray.jpg,local,hard,v,7,10,103.73
12.65581345228383,27.97
37.10790296202997
darkvador_gray.jpg,local,hard,v,7,20,413.32
38.796352462580074,21.97
32.242894646509846
darkvador_gray.jpg,local,hard,v,7,30,935.35
82.11412609557021,18.42
28.986624856286834
darkvador_gray.jpg,local,hard,v,9,10,104.71
12.682033918952015,27.93
37.098914504656356
darkvador_gray.jpg,local,hard,v,9,20,412.39
33.81284512529753,21.98
32.83998645581855
darkvador_gray.jpg,local,hard,v,9,30,927.22
65.58048651354275,18.46
29.963057266778506
darkvador_gray.jpg,local,hard,b,5,10,6.57
89.81970460607091,39.95
28.597087384218234
darkvador_gray.jpg,local,hard,b,5,20,37.34
345.0618825115706,32.41
22.75183373553217
darkvador_gray.jpg,local,hard,b,5,30,102.17
747.8532716498838,28.04
19.392639629548164
darkvador_gray.jpg,local,hard,b,7,10,6.62
89.75652217120337,39.92
28.600143443969678
darkvador_gray.jpg,local,hard,b,7,20,37.42
345.6840204726839,32.40
22.744010564800703
darkvador_gray.jpg,local,hard,b,7,30,101.57
747.1787782342432,28.06
19.39655832531646
darkvador_gray.jpg,local,hard,b,9,10,6.58
89.84071515212831,39.95
28.596071605198198
darkvador_gray.jpg,local,hard,b,9,20,37.21
345.60704201945697,32.42
22.74497777874036
darkvador_gray.jpg,local,hard,b,9,30,101.44
747.2648355904305,28.07
19.396058149403295
darkvador_gray.jpg,local,soft,v,5,10,188.68
97.1280715686448,25.37
28.25735594755512
darkvador_gray.jpg,local,soft,v,5,20,668.24
291.75860519370167,19.88
23.480566867828006
darkvador_gray.jpg,local,soft,v,5,30,1379.11
515.0558304857288,16.73
21.01226053073937
darkvador_gray.jpg,local,soft,v,7,10,160.87
66.48106468962168,26.07
29.903823948402753
darkvador_gray.jpg,local,soft,v,7,20,577.59
193.68990228089552,20.51
25.25973380819927
darkvador_gray.jpg,local,soft,v,7,30,1222.15
350.6068710538772,17.26
22.682599378963772
darkvador_gray.jpg,local,soft,v,9,10,149.21
54.33136534658288,26.39
30.78029741881747
darkvador_gray.jpg,local,soft,v,9,20,536.73
149.22979138601033,20.83
26.39224828997957
darkvador_gray.jpg,local,soft,v,9,30,1143.05
268.0647439872359,17.55
23.848406617624676
darkvador_gray.jpg,local,soft,b,5,10,6.85
82.6174233382452,39.77
28.96008714737531
darkvador_gray.jpg,local,soft,b,5,20,39.77
300.18411452210125,32.14
23.35692654832526
darkvador_gray.jpg,local,soft,b,5,30,110.49
625.7204887804493,27.70
20.166999849880295
darkvador_gray.jpg,local,soft,b,7,10,6.70
84.3525543713153,39.87
28.86982122400738
darkvador_gray.jpg,local,soft,b,7,20,38.60
312.12403412813387,32.27
23.18753149436326
darkvador_gray.jpg,local,soft,b,7,30,105.89
658.7971013712171,27.88
19.943286812099853
darkvador_gray.jpg,local,soft,b,9,10,6.75
85.58391541550202,39.83
28.806882095397075
darkvador_gray.jpg,local,soft,b,9,20,38.17
318.59384853179904,32.31
23.09842974759001
darkvador_gray.jpg,local,soft,b,9,30,104.29
677.3244367167051,27.95
19.822836163706974
darkvador_gray.jpg,global,hard,v,5,10,N/A,N/A
darkvador_gray.jpg,global,hard,v,5,20,N/A,N/A
darkvador_gray.jpg,global,hard,v,5,30,N/A,N/A
darkvador_gray.jpg,global,hard,v,7,10,N/A,N/A
darkvador_gray.jpg,global,hard,v,7,20,N/A,N/A
darkvador_gray.jpg,global,hard,v,7,30,N/A,N/A
darkvador_gray.jpg,global,hard,v,9,10,N/A,N/A
darkvador_gray.jpg,global,hard,v,9,20,N/A,N/A
darkvador_gray.jpg,global,hard,v,9,30,N/A,N/A
darkvador_gray.jpg,global,hard,b,5,10,N/A,N/A
darkvador_gray.jpg,global,hard,b,5,20,N/A,N/A
darkvador_gray.jpg,global,hard,b,5,30,N/A,N/A
darkvador_gray.jpg,global,hard,b,7,10,N/A,N/A
darkvador_gray.jpg,global,hard,b,7,20,N/A,N/A
darkvador_gray.jpg,global,hard,b,7,30,N/A,N/A
darkvador_gray.jpg,global,hard,b,9,10,N/A,N/A
darkvador_gray.jpg,global,hard,b,9,20,N/A,N/A
darkvador_gray.jpg,global,hard,b,9,30,N/A,N/A
darkvador_gray.jpg,global,soft,v,5,10,N/A,N/A
darkvador_gray.jpg,global,soft,v,5,20,N/A,N/A
darkvador_gray.jpg,global,soft,v,5,30,N/A,N/A
darkvador_gray.jpg,global,soft,v,7,10,N/A,N/A
darkvador_gray.jpg,global,soft,v,7,20,N/A,N/A
darkvador_gray.jpg,global,soft,v,7,30,N/A,N/A
darkvador_gray.jpg,global,soft,v,9,10,N/A,N/A
darkvador_gray.jpg,global,soft,v,9,20,N/A,N/A
darkvador_gray.jpg,global,soft,v,9,30,N/A,N/A
darkvador_gray.jpg,global,soft,b,5,10,N/A,N/A
darkvador_gray.jpg,global,soft,b,5,20,N/A,N/A
darkvador_gray.jpg,global,soft,b,5,30,N/A,N/A
darkvador_gray.jpg,global,soft,b,7,10,N/A,N/A
darkvador_gray.jpg,global,soft,b,7,20,N/A,N/A
darkvador_gray.jpg,global,soft,b,7,30,N/A,N/A
darkvador_gray.jpg,global,soft,b,9,10,N/A,N/A
darkvador_gray.jpg,global,soft,b,9,20,N/A,N/A
darkvador_gray.jpg,global,soft,b,9,30,N/A,N/A
gekko_gray.jpg,local,hard,v,5,10,107.47
16.780795594276473,27.82
35.88267813552035
gekko_gray.jpg,local,hard,v,5,20,435.19
61.36161689097454,21.74
30.25183566029066
gekko_gray.jpg,local,hard,v,5,30,982.73
124.75175401256142,18.21
27.170337003390443
gekko_gray.jpg,local,hard,v,7,10,103.60
9.57912357056548,27.98
38.3175458517968
gekko_gray.jpg,local,hard,v,7,20,415.87
33.33729633274386,21.94
32.90149985393395
gekko_gray.jpg,local,hard,v,7,30,939.05
72.71568511196641,18.40
29.514522605613248
gekko_gray.jpg,local,hard,v,9,10,104.53
10.071683280265262,27.94
38.099783006183635
gekko_gray.jpg,local,hard,v,9,20,412.34
26.957982212720037,21.98
33.82392978445143
gekko_gray.jpg,local,hard,v,9,30,925.25
53.12074312648673,18.47
30.87816218953072
gekko_gray.jpg,local,hard,b,5,10,0.09
100.10983126181998,58.62
28.126036315094602
gekko_gray.jpg,local,hard,b,5,20,0.17
398.8969117403862,55.89
22.122196868526327
gekko_gray.jpg,local,hard,b,5,30,0.59
896.3880870135079,50.40
18.605842847347795
gekko_gray.jpg,local,hard,b,7,10,0.09
100.08142400610718,58.75
28.127268847901128
gekko_gray.jpg,local,hard,b,7,20,0.13
398.4993474485759,56.90
22.126527463019393
gekko_gray.jpg,local,hard,b,7,30,0.47
895.3781993067504,51.38
18.610738449058555
gekko_gray.jpg,local,hard,b,9,10,0.09
100.07092545288997,58.83
28.127724447223017
gekko_gray.jpg,local,hard,b,9,20,0.12
400.0176266720285,57.32
22.11001232045617
gekko_gray.jpg,local,hard,b,9,30,0.40
897.6688823199552,52.07
18.59964190236059
gekko_gray.jpg,local,soft,v,5,10,165.33
70.58908099855708,25.95
29.64342833028801
gekko_gray.jpg,local,soft,v,5,20,564.70
176.37347397318024,20.61
25.666470917122766
gekko_gray.jpg,local,soft,v,5,30,1153.12
268.3121192781098,17.51
23.844400712867756
gekko_gray.jpg,local,soft,v,7,10,140.90
44.6790496687153,26.64
31.62976433846502
gekko_gray.jpg,local,soft,v,7,20,510.88
120.54127617534908,21.05
27.31944575818495
gekko_gray.jpg,local,soft,v,7,30,1082.43
198.39039092143798,17.79
25.15559727681092
gekko_gray.jpg,local,soft,v,9,10,133.45
36.51557547533234,26.88
32.506022114760384
gekko_gray.jpg,local,soft,v,9,20,485.17
93.56866153065386,21.27
28.41949943788334
gekko_gray.jpg,local,soft,v,9,30,1042.84
156.55729048899863,17.95
26.18407064415329
gekko_gray.jpg,local,soft,b,5,10,0.79
86.34204108995557,49.16
28.768580498853122
gekko_gray.jpg,local,soft,b,5,20,5.96
318.14590587617914,40.38
23.10454022064563
gekko_gray.jpg,local,soft,b,5,30,17.77
685.4361528511262,35.63
19.77113353610839
gekko_gray.jpg,local,soft,b,7,10,0.46
89.88620181827814,51.52
28.593873313605172
gekko_gray.jpg,local,soft,b,7,20,3.13
339.421027292272,43.18
22.823416173054337
gekko_gray.jpg,local,soft,b,7,30,9.32
739.8659230441103,38.44
19.439273359448162
gekko_gray.jpg,local,soft,b,9,10,0.32
92.29600857466298,53.14
28.478974408981266
gekko_gray.jpg,local,soft,b,9,20,1.95
352.4996645912269,45.23
22.659216527780774
gekko_gray.jpg,local,soft,b,9,30,5.76
775.3137841014552,40.53
19.236028556214976
gekko_gray.jpg,global,hard,v,5,10,N/A,N/A
gekko_gray.jpg,global,hard,v,5,20,N/A,N/A
gekko_gray.jpg,global,hard,v,5,30,N/A,N/A
gekko_gray.jpg,global,hard,v,7,10,N/A,N/A
gekko_gray.jpg,global,hard,v,7,20,N/A,N/A
gekko_gray.jpg,global,hard,v,7,30,N/A,N/A
gekko_gray.jpg,global,hard,v,9,10,N/A,N/A
gekko_gray.jpg,global,hard,v,9,20,N/A,N/A
gekko_gray.jpg,global,hard,v,9,30,N/A,N/A
gekko_gray.jpg,global,hard,b,5,10,N/A,N/A
gekko_gray.jpg,global,hard,b,5,20,N/A,N/A
gekko_gray.jpg,global,hard,b,5,30,N/A,N/A
gekko_gray.jpg,global,hard,b,7,10,N/A,N/A
gekko_gray.jpg,global,hard,b,7,20,N/A,N/A
gekko_gray.jpg,global,hard,b,7,30,N/A,N/A
gekko_gray.jpg,global,hard,b,9,10,N/A,N/A
gekko_gray.jpg,global,hard,b,9,20,N/A,N/A
gekko_gray.jpg,global,hard,b,9,30,N/A,N/A
gekko_gray.jpg,global,soft,v,5,10,N/A,N/A
gekko_gray.jpg,global,soft,v,5,20,N/A,N/A
gekko_gray.jpg,global,soft,v,5,30,N/A,N/A
gekko_gray.jpg,global,soft,v,7,10,N/A,N/A
gekko_gray.jpg,global,soft,v,7,20,N/A,N/A
gekko_gray.jpg,global,soft,v,7,30,N/A,N/A
gekko_gray.jpg,global,soft,v,9,10,N/A,N/A
gekko_gray.jpg,global,soft,v,9,20,N/A,N/A
gekko_gray.jpg,global,soft,v,9,30,N/A,N/A
gekko_gray.jpg,global,soft,b,5,10,N/A,N/A
gekko_gray.jpg,global,soft,b,5,20,N/A,N/A
gekko_gray.jpg,global,soft,b,5,30,N/A,N/A
gekko_gray.jpg,global,soft,b,7,10,N/A,N/A
gekko_gray.jpg,global,soft,b,7,20,N/A,N/A
gekko_gray.jpg,global,soft,b,7,30,N/A,N/A
gekko_gray.jpg,global,soft,b,9,10,N/A,N/A
gekko_gray.jpg,global,soft,b,9,20,N/A,N/A
gekko_gray.jpg,global,soft,b,9,30,N/A,N/A
mbappe_gray.jpg,local,hard,v,5,10,117.68
33.81495652490476,27.42
32.83971527468403
mbappe_gray.jpg,local,hard,v,5,20,449.21
89.3234259232006,21.61
28.621149891576245
mbappe_gray.jpg,local,hard,v,5,30,1006.92
180.08156380879038,18.10
25.576111074928413
mbappe_gray.jpg,local,hard,v,7,10,121.72
35.20914589778814,27.28
32.6642487077008
mbappe_gray.jpg,local,hard,v,7,20,449.07
78.94774385973771,21.61
29.157406374579455
mbappe_gray.jpg,local,hard,v,7,30,979.06
131.46669758195372,18.22
26.942646071910893
mbappe_gray.jpg,local,hard,v,9,10,123.84
37.107717180789216,27.20
32.43616122937374
mbappe_gray.jpg,local,hard,v,9,20,451.07
78.5247535259863,21.59
29.180737789616096
mbappe_gray.jpg,local,hard,v,9,30,979.02
121.20675676092047,18.22
27.295535302934933
mbappe_gray.jpg,local,hard,b,5,10,0.59
97.9433203704636,50.44
28.22105537945696
mbappe_gray.jpg,local,hard,b,5,20,10.51
370.5913535014194,37.92
22.441850785629256
mbappe_gray.jpg,local,hard,b,5,30,44.24
794.4872817723742,31.67
19.129934114960502
mbappe_gray.jpg,local,hard,b,7,10,0.61
98.01809414304358,50.27
28.217741070006888
mbappe_gray.jpg,local,hard,b,7,20,10.48
371.0688676358345,37.93
22.43625841930428
mbappe_gray.jpg,local,hard,b,7,30,44.60
796.0254729444302,31.64
19.121533954139135
mbappe_gray.jpg,local,hard,b,9,10,0.61
97.99480663134207,50.31
28.218773005949558
mbappe_gray.jpg,local,hard,b,9,20,10.52
370.97052260486583,37.91
22.437409590120396
mbappe_gray.jpg,local,hard,b,9,30,44.55
796.1518133319857,31.64
19.120844722685515
mbappe_gray.jpg,local,soft,v,5,10,217.86
126.80549444956458,24.75
27.0994228904594
mbappe_gray.jpg,local,soft,v,5,20,697.70
320.2420629303689,19.69
23.076019861303728
mbappe_gray.jpg,local,soft,v,5,30,1392.80
524.4438359160192,16.69
20.93381375598193
mbappe_gray.jpg,local,soft,v,7,10,197.07
104.20114627160498,25.18
27.952078643929397
mbappe_gray.jpg,local,soft,v,7,20,622.82
239.51925755750685,20.19
24.337399240578847
mbappe_gray.jpg,local,soft,v,7,30,1260.85
390.7052701018929,17.12
22.212310915404004
mbappe_gray.jpg,local,soft,v,9,10,190.44
96.78981746968749,25.33
28.27250690019563
mbappe_gray.jpg,local,soft,v,9,20,592.86
205.5843175789864,20.40
25.00090378213317
mbappe_gray.jpg,local,soft,v,9,30,1201.57
322.89668124807025,17.33
23.04016779533179
mbappe_gray.jpg,local,soft,b,5,10,0.86
90.43550122881415,48.81
28.56741410910829
mbappe_gray.jpg,local,soft,b,5,20,13.21
322.04914162605843,36.92
23.051582149215882
mbappe_gray.jpg,local,soft,b,5,30,53.17
661.5724755674656,30.87
19.92502932578904
mbappe_gray.jpg,local,soft,b,7,10,0.74
92.5181736712167,49.45
28.46853309751833
mbappe_gray.jpg,local,soft,b,7,20,11.89
335.0534435126771,37.38
22.879662751103208
mbappe_gray.jpg,local,soft,b,7,30,48.89
697.6620379701824,31.24
19.694352686019823
mbappe_gray.jpg,local,soft,b,9,10,0.69
93.94159838335649,49.73
28.40222415589489
mbappe_gray.jpg,local,soft,b,9,20,11.54
343.50465399285866,37.51
22.77147735368338
mbappe_gray.jpg,local,soft,b,9,30,47.56
719.7269558370027,31.36
19.559125923029175
mbappe_gray.jpg,global,hard,v,5,10,N/A,N/A
mbappe_gray.jpg,global,hard,v,5,20,N/A,N/A
mbappe_gray.jpg,global,hard,v,5,30,N/A,N/A
mbappe_gray.jpg,global,hard,v,7,10,N/A,N/A
mbappe_gray.jpg,global,hard,v,7,20,N/A,N/A
mbappe_gray.jpg,global,hard,v,7,30,N/A,N/A
mbappe_gray.jpg,global,hard,v,9,10,N/A,N/A
mbappe_gray.jpg,global,hard,v,9,20,N/A,N/A
mbappe_gray.jpg,global,hard,v,9,30,N/A,N/A
mbappe_gray.jpg,global,hard,b,5,10,N/A,N/A
mbappe_gray.jpg,global,hard,b,5,20,N/A,N/A
mbappe_gray.jpg,global,hard,b,5,30,N/A,N/A
mbappe_gray.jpg,global,hard,b,7,10,N/A,N/A
mbappe_gray.jpg,global,hard,b,7,20,N/A,N/A
mbappe_gray.jpg,global,hard,b,7,30,N/A,N/A
mbappe_gray.jpg,global,hard,b,9,10,N/A,N/A
mbappe_gray.jpg,global,hard,b,9,20,N/A,N/A
mbappe_gray.jpg,global,hard,b,9,30,N/A,N/A
mbappe_gray.jpg,global,soft,v,5,10,N/A,N/A
mbappe_gray.jpg,global,soft,v,5,20,N/A,N/A
mbappe_gray.jpg,global,soft,v,5,30,N/A,N/A
mbappe_gray.jpg,global,soft,v,7,10,N/A,N/A
mbappe_gray.jpg,global,soft,v,7,20,N/A,N/A
mbappe_gray.jpg,global,soft,v,7,30,N/A,N/A
mbappe_gray.jpg,global,soft,v,9,10,N/A,N/A
mbappe_gray.jpg,global,soft,v,9,20,N/A,N/A
mbappe_gray.jpg,global,soft,v,9,30,N/A,N/A
mbappe_gray.jpg,global,soft,b,5,10,N/A,N/A
mbappe_gray.jpg,global,soft,b,5,20,N/A,N/A
mbappe_gray.jpg,global,soft,b,5,30,N/A,N/A
mbappe_gray.jpg,global,soft,b,7,10,N/A,N/A
mbappe_gray.jpg,global,soft,b,7,20,N/A,N/A
mbappe_gray.jpg,global,soft,b,7,30,N/A,N/A
mbappe_gray.jpg,global,soft,b,9,10,N/A,N/A
mbappe_gray.jpg,global,soft,b,9,20,N/A,N/A
mbappe_gray.jpg,global,soft,b,9,30,N/A,N/A
steve_gray.jpg,local,hard,v,5,10,99.05
15.591209532276308,28.17
36.202005527465985
steve_gray.jpg,local,hard,v,5,20,400.03
55.18983698988872,22.11
30.7122124954402
steve_gray.jpg,local,hard,v,5,30,928.00
141.8835318164547,18.46
26.61148370317324
steve_gray.jpg,local,hard,v,7,10,102.15
14.594357546166622,28.04
36.48895379070141
steve_gray.jpg,local,hard,v,7,20,405.50
43.54415025716418,22.05
31.74150540942673
steve_gray.jpg,local,hard,v,7,30,913.68
89.53796288315519,18.52
28.61073151529316
steve_gray.jpg,local,hard,v,9,10,103.74
15.497340523811404,27.97
36.22823184951256
steve_gray.jpg,local,hard,v,9,20,408.78
41.79047180503442,22.02
31.92003086609512
steve_gray.jpg,local,hard,v,9,30,915.36
77.64477945434102,18.51
29.22968100164458
steve_gray.jpg,local,hard,b,5,10,1.92
97.14471225131814,45.30
28.256611946616268
steve_gray.jpg,local,hard,b,5,20,16.33
355.30625026335053,36.00
22.624775135502453
steve_gray.jpg,local,hard,b,5,30,72.47
720.7956897632135,29.53
19.552681798969715
steve_gray.jpg,local,hard,b,7,10,1.91
97.1395991805759,45.31
28.256840537220732
steve_gray.jpg,local,hard,b,7,20,16.57
356.2251241851684,35.94
22.613558143252142
steve_gray.jpg,local,hard,b,7,30,71.26
721.4612442633902,29.60
19.548673544122316
steve_gray.jpg,local,hard,b,9,10,1.83
97.77237739619314,45.51
28.228641854141557
steve_gray.jpg,local,hard,b,9,20,16.01
356.28819892912475,36.09
22.612789230940457
steve_gray.jpg,local,hard,b,9,30,71.60
720.1168559777466,29.58
19.556773841749695
steve_gray.jpg,local,soft,v,5,10,208.59
121.09373217930714,24.94
27.299586962581923
steve_gray.jpg,local,soft,v,5,20,763.34
398.3833907507252,19.30
22.127791371796874
steve_gray.jpg,local,soft,v,5,30,1607.29
773.4864063392811,16.07
19.24627675287231
steve_gray.jpg,local,soft,v,7,10,178.91
88.03799149218447,25.60
28.684102349126704
steve_gray.jpg,local,soft,v,7,20,649.25
275.00626140652656,20.01
23.73737778807297
steve_gray.jpg,local,soft,v,7,30,1387.17
536.8935919348557,16.71
20.831921403726177
steve_gray.jpg,local,soft,v,9,10,168.02
76.36335042649377,25.88
29.301953861460547
steve_gray.jpg,local,soft,v,9,20,602.11
224.2456797762776,20.33
24.623562760075068
steve_gray.jpg,local,soft,v,9,30,1282.93
427.9704596179111,17.05
21.816665677138243
steve_gray.jpg,local,soft,b,5,10,1.97
93.44210357590512,45.20
28.425377541183728
steve_gray.jpg,local,soft,b,5,20,17.08
330.98554189289507,35.80
22.93271337525043
steve_gray.jpg,local,soft,b,5,30,74.34
654.5876994732789,29.42
19.97112520759156
steve_gray.jpg,local,soft,b,7,10,1.91
94.4659408858761,45.33
28.378051063430675
steve_gray.jpg,local,soft,b,7,20,16.78
336.34710729277185,35.88
22.86292663923236
steve_gray.jpg,local,soft,b,7,30,72.74
667.2834980412841,29.51
19.887699760114845
steve_gray.jpg,local,soft,b,9,10,1.90
95.3001702848587,45.35
28.339866842200514
steve_gray.jpg,local,soft,b,9,20,16.52
341.6234236997753,35.95
22.79532720060552
steve_gray.jpg,local,soft,b,9,30,71.65
682.6313561242777,29.58
19.78894127498127
steve_gray.jpg,global,hard,v,5,10,N/A,N/A
steve_gray.jpg,global,hard,v,5,20,N/A,N/A
steve_gray.jpg,global,hard,v,5,30,N/A,N/A
steve_gray.jpg,global,hard,v,7,10,N/A,N/A
steve_gray.jpg,global,hard,v,7,20,N/A,N/A
steve_gray.jpg,global,hard,v,7,30,N/A,N/A
steve_gray.jpg,global,hard,v,9,10,N/A,N/A
steve_gray.jpg,global,hard,v,9,20,N/A,N/A
steve_gray.jpg,global,hard,v,9,30,N/A,N/A
steve_gray.jpg,global,hard,b,5,10,N/A,N/A
steve_gray.jpg,global,hard,b,5,20,N/A,N/A
steve_gray.jpg,global,hard,b,5,30,N/A,N/A
steve_gray.jpg,global,hard,b,7,10,N/A,N/A
steve_gray.jpg,global,hard,b,7,20,N/A,N/A
steve_gray.jpg,global,hard,b,7,30,N/A,N/A
steve_gray.jpg,global,hard,b,9,10,N/A,N/A
steve_gray.jpg,global,hard,b,9,20,N/A,N/A
steve_gray.jpg,global,hard,b,9,30,N/A,N/A
steve_gray.jpg,global,soft,v,5,10,N/A,N/A
steve_gray.jpg,global,soft,v,5,20,N/A,N/A
steve_gray.jpg,global,soft,v,5,30,N/A,N/A
steve_gray.jpg,global,soft,v,7,10,N/A,N/A
steve_gray.jpg,global,soft,v,7,20,N/A,N/A
steve_gray.jpg,global,soft,v,7,30,N/A,N/A
steve_gray.jpg,global,soft,v,9,10,N/A,N/A
steve_gray.jpg,global,soft,v,9,20,N/A,N/A
steve_gray.jpg,global,soft,v,9,30,N/A,N/A
steve_gray.jpg,global,soft,b,5,10,N/A,N/A
steve_gray.jpg,global,soft,b,5,20,N/A,N/A
steve_gray.jpg,global,soft,b,5,30,N/A,N/A
steve_gray.jpg,global,soft,b,7,10,N/A,N/A
steve_gray.jpg,global,soft,b,7,20,N/A,N/A
steve_gray.jpg,global,soft,b,7,30,N/A,N/A
steve_gray.jpg,global,soft,b,9,10,N/A,N/A
steve_gray.jpg,global,soft,b,9,20,N/A,N/A
steve_gray.jpg,global,soft,b,9,30,N/A,N/A
moto_gray.jpeg,local,hard,v,5,10,107.00
21.601926772030357,27.84
34.78587871330812
moto_gray.jpeg,local,hard,v,5,20,425.50
65.0715833564193,21.84
29.996889865208736
moto_gray.jpeg,local,hard,v,5,30,961.19
133.4269791710868,18.30
26.878367072959257
moto_gray.jpeg,local,hard,v,7,10,108.89
20.976319946865644,27.76
34.91351062279979
moto_gray.jpeg,local,hard,v,7,20,426.54
56.0806566205785,21.83
30.64267270940968
moto_gray.jpeg,local,hard,v,7,30,949.84
101.29282643513594,18.35
28.07501671183358
moto_gray.jpeg,local,hard,v,9,10,110.48
21.627805552353976,27.70
34.78067904528744
moto_gray.jpeg,local,hard,v,9,20,428.30
55.10754875854036,21.81
30.718692672860207
moto_gray.jpeg,local,hard,v,9,30,949.87
93.91817359067836,18.35
28.4033072252658
moto_gray.jpeg,local,hard,b,5,10,2.33
94.66936693925511,44.46
28.368708878987054
moto_gray.jpeg,local,hard,b,5,20,20.75
359.4700016469384,34.96
22.57417707213806
moto_gray.jpeg,local,hard,b,5,30,67.40
775.1653507841439,29.84
19.236860089763354
moto_gray.jpeg,local,hard,b,7,10,2.31
94.50457588114371,44.50
28.376275234505197
moto_gray.jpeg,local,hard,b,7,20,20.81
358.9664363979853,34.95
22.58026517216004
moto_gray.jpeg,local,hard,b,7,30,66.99
776.3975500647659,29.87
19.22996204572801
moto_gray.jpeg,local,hard,b,9,10,2.35
94.45285144812556,44.43
28.378652874454886
moto_gray.jpeg,local,hard,b,9,20,20.76
359.74046900361776,34.96
22.570910643439603
moto_gray.jpeg,local,hard,b,9,30,67.14
775.9585149140106,29.86
19.23241857683862
moto_gray.jpeg,local,soft,v,5,10,202.79
111.66380542093371,25.06
27.651679366625487
moto_gray.jpeg,local,soft,v,5,20,697.63
321.960911922757,19.69
23.0527721205001
moto_gray.jpeg,local,soft,v,5,30,1441.10
583.494065677897,16.54
20.470439173784648
moto_gray.jpeg,local,soft,v,7,10,179.57
86.80159697915904,25.59
28.745526454511374
moto_gray.jpeg,local,soft,v,7,20,613.86
231.77439662381113,20.25
24.480149017128824
moto_gray.jpeg,local,soft,v,7,30,1278.85
409.96130291981524,17.06
22.00337496151926
moto_gray.jpeg,local,soft,v,9,10,171.22
77.7059214861685,25.80
29.22626245917965
moto_gray.jpeg,local,soft,v,9,20,579.80
194.63818595632122,20.50
25.238523125860798
moto_gray.jpeg,local,soft,v,9,30,1206.61
333.5608313139177,17.32
22.899053133354855
moto_gray.jpeg,local,soft,b,5,10,2.70
86.69568822205424,43.82
28.750828623298123
moto_gray.jpeg,local,soft,b,5,20,23.55
312.0872851366128,34.41
23.188042855940946
moto_gray.jpeg,local,soft,b,5,30,75.48
653.2216805460583,29.35
19.980197702514413
moto_gray.jpeg,local,soft,b,7,10,2.53
88.80818370288826,44.09
28.646273728680995
moto_gray.jpeg,local,soft,b,7,20,22.17
325.1708761639634,34.67
23.00968719664475
moto_gray.jpeg,local,soft,b,7,30,71.36
687.1081191050814,29.60
19.760552805242046
moto_gray.jpeg,local,soft,b,9,10,2.47
90.13119016650683,44.20
28.582052549813525
moto_gray.jpeg,local,soft,b,9,20,21.64
332.35326015477796,34.78
22.91480417609456
moto_gray.jpeg,local,soft,b,9,30,70.05
705.1866355343861,29.68
19.647762877690834
moto_gray.jpeg,global,hard,v,5,10,N/A,N/A
moto_gray.jpeg,global,hard,v,5,20,N/A,N/A
moto_gray.jpeg,global,hard,v,5,30,N/A,N/A
moto_gray.jpeg,global,hard,v,7,10,N/A,N/A
moto_gray.jpeg,global,hard,v,7,20,N/A,N/A
moto_gray.jpeg,global,hard,v,7,30,N/A,N/A
moto_gray.jpeg,global,hard,v,9,10,N/A,N/A
moto_gray.jpeg,global,hard,v,9,20,N/A,N/A
moto_gray.jpeg,global,hard,v,9,30,N/A,N/A
moto_gray.jpeg,global,hard,b,5,10,N/A,N/A
moto_gray.jpeg,global,hard,b,5,20,N/A,N/A
moto_gray.jpeg,global,hard,b,5,30,N/A,N/A
moto_gray.jpeg,global,hard,b,7,10,N/A,N/A
moto_gray.jpeg,global,hard,b,7,20,N/A,N/A
moto_gray.jpeg,global,hard,b,7,30,N/A,N/A
moto_gray.jpeg,global,hard,b,9,10,N/A,N/A
moto_gray.jpeg,global,hard,b,9,20,N/A,N/A
moto_gray.jpeg,global,hard,b,9,30,N/A,N/A
moto_gray.jpeg,global,soft,v,5,10,N/A,N/A
moto_gray.jpeg,global,soft,v,5,20,N/A,N/A
moto_gray.jpeg,global,soft,v,5,30,N/A,N/A
moto_gray.jpeg,global,soft,v,7,10,N/A,N/A
moto_gray.jpeg,global,soft,v,7,20,N/A,N/A
moto_gray.jpeg,global,soft,v,7,30,N/A,N/A
moto_gray.jpeg,global,soft,v,9,10,N/A,N/A
moto_gray.jpeg,global,soft,v,9,20,N/A,N/A
moto_gray.jpeg,global,soft,v,9,30,N/A,N/A
moto_gray.jpeg,global,soft,b,5,10,N/A,N/A
moto_gray.jpeg,global,soft,b,5,20,N/A,N/A
moto_gray.jpeg,global,soft,b,5,30,N/A,N/A
moto_gray.jpeg,global,soft,b,7,10,N/A,N/A
moto_gray.jpeg,global,soft,b,7,20,N/A,N/A
moto_gray.jpeg,global,soft,b,7,30,N/A,N/A
moto_gray.jpeg,global,soft,b,9,10,N/A,N/A
moto_gray.jpeg,global,soft,b,9,20,N/A,N/A
moto_gray.jpeg,global,soft,b,9,30,N/A,N/A
